1,Admin,Admin
2,Jeff Atwood,Jeff Atwood
3,Geoff Dalgas,Geoff Dalgas
4,Jarrod Dixon,Jarrod Dixon
5,Joel Spolsky,Joel Spolsky
6,Jon Galloway,Jon Galloway
7,Eggs McLaren,Eggs McLaren
8,Kevin Dente,Kevin Dente
9,Sneakers O'Toole,Sneakers O'Toole
10,Anonymous User,Anonymous User
11,Chris Jester Young,Chris Jester Young
12,Rodrigo Sieiro,Rodrigo Sieiro
13,Nick Berardi,Nick Berardi
14,Mads Kristiansen,Mads Kristiansen
15,Tom,Tom
16,maclema,maclema
17,Jax,Jax
18,sanmiguel,sanmiguel
19,CodingWithoutComments,CodingWithoutComments
20,Shawn,Shawn
21,denny,denny
22,Michael Haren,Michael Haren
23,Grant,Grant
24,TimM,TimM
25,John,John
26,Karl Seguin,Karl Seguin
27,Greg Hurlman,Greg Hurlman
28,Pat,Pat
29,Wally Lawless,Wally Lawless
30,blcArmadillo,blcArmadillo
31,huseyint,huseyint
32,Kevin,Kevin
33,Redbaron,Redbaron
34,Coincoin,Coincoin
35,Justin,Justin
36,Tom Grochowicz,Tom Grochowicz
37,Bob,Bob
38,sven,sven
39,Mat,Mat
40,Leon Bambrick,Leon Bambrick
41,helloandre,helloandre
42,Yaakov Ellis,Yaakov Ellis
43,saniul,saniul
44,Ryan Fox,Ryan Fox
45,doekman,doekman
46,Chad Paulson,Chad Paulson
47,cmcculloh,cmcculloh
48,saint_groceon,saint_groceon
49,Dave Ward,Dave Ward
50,Bernard,Bernard
51,Liron Yahdav,Liron Yahdav
52,JimDaniel,JimDaniel
53,t3rse,t3rse
54,Rex M,Rex M
55,Jonathan,Jonathan
56,Tim Boland,Tim Boland
57,Dillie O,Dillie O
58,pix0r,pix0r
59,Joe Fontana,Joe Fontana
60,Ryan Ahearn,Ryan Ahearn
61,Pete,Pete
62,Darren Kopp,Darren Kopp
63,A Salim,A Salim
64,Adam Ernst,Adam Ernst
65,alumb,alumb
66,MattH,MattH
67,xyz,xyz
68,Zack Peterson,Zack Peterson
69,Paul Wicks,Paul Wicks
70,svrist,svrist
71,DylanJ,DylanJ
72,ESRogs,ESRogs
73,Michael Stum,Michael Stum
74,Justin Standard,Justin Standard
75,MojoFilter,MojoFilter
76,Stephen R.,Stephen R.
77,Marek Grzenkowicz,Marek Grzenkowicz
78,Chris Marasti-Georg,Chris Marasti-Georg
79,Jason Pratt,Jason Pratt
80,Eric Haskins,Eric Haskins
81,Peter Burns,Peter Burns
82,Bill,Bill
83,svec,svec
84,Ted Dziuba,Ted Dziuba
85,Ryan Eastabrook,Ryan Eastabrook
86,EndangeredMassa,EndangeredMassa
87,Wilson,Wilson
88,Greg,Greg
89,Kalid,Kalid
90,saalon,saalon
91,Jesse Beder,Jesse Beder
92,tlrobinson,tlrobinson
93,Craig Smitham,Craig Smitham
94,UnkwnTech,UnkwnTech
95,Mark Harrison,Mark Harrison
96,Peter Coulton,Peter Coulton
97,Brian Willis,Brian Willis
98,Jesse Ezell,Jesse Ezell
99,hitec,hitec
100,ricree,ricree
101,Mike Stone,Mike Stone
